Product_Name, Pricing, Ratings 
SAMSUNG Galaxy F13 (Nightsky Green| 64 GB),Rs.9499,4.4
SAMSUNG Galaxy F13 (Nightsky Green| 64 GB),Rs.9499,4.4
SAMSUNG Galaxy F13 (Nightsky Green| 64 GB),Rs.9499,4.4
SAMSUNG Galaxy F13 (Nightsky Green| 64 GB),Rs.9499,4.4
SAMSUNG Galaxy F13 (Nightsky Green| 64 GB),Rs.9499,4.4
SAMSUNG Galaxy F13 (Nightsky Green| 64 GB),Rs.9499,4.4
SAMSUNG Galaxy F13 (Nightsky Green| 64 GB),Rs.9499,4.4
SAMSUNG Galaxy F13 (Nightsky Green| 64 GB),Rs.9499,4.4
SAMSUNG Galaxy F13 (Nightsky Green| 64 GB),Rs.9499,4.4
SAMSUNG Galaxy F13 (Nightsky Green| 64 GB),Rs.9499,4.4
SAMSUNG Galaxy F13 (Nightsky Green| 64 GB),Rs.9499,4.4
SAMSUNG Galaxy F13 (Nightsky Green| 64 GB),Rs.9499,4.4
SAMSUNG Galaxy F13 (Nightsky Green| 64 GB),Rs.9499,4.4
SAMSUNG Galaxy F13 (Nightsky Green| 64 GB),Rs.9499,4.4
SAMSUNG Galaxy F13 (Nightsky Green| 64 GB),Rs.9499,4.4
SAMSUNG Galaxy F13 (Nightsky Green| 64 GB),Rs.9499,4.4
SAMSUNG Galaxy F13 (Nightsky Green| 64 GB),Rs.9499,4.4
SAMSUNG Galaxy F13 (Nightsky Green| 64 GB),Rs.9499,4.4
SAMSUNG Galaxy F13 (Nightsky Green| 64 GB),Rs.9499,4.4
SAMSUNG Galaxy F13 (Nightsky Green| 64 GB),Rs.9499,4.4
SAMSUNG Galaxy F13 (Nightsky Green| 64 GB),Rs.9499,4.4
SAMSUNG Galaxy F13 (Nightsky Green| 64 GB),Rs.9499,4.4
SAMSUNG Galaxy F13 (Nightsky Green| 64 GB),Rs.9499,4.4
SAMSUNG Galaxy F13 (Nightsky Green| 64 GB),Rs.9499,4.4
